id,group,priority,test,steps_or_setup,expected,required_evidence,status,qa_date,evidence,remaining_gap,verification_scope
"ES2-001","메뉴","P0","정확한 독립 메뉴 위치","사이드바 기본/펼침/접힘 상태 확인","프로젝트 워크 다음, 드라이브 이전, 같은 깊이의 ES 산출프로그램","화면 캡처 + route assertion","PARTIAL","2026-09-08","U01; Router.tsx ES-01/ES-02; AppShell.tsx","최신 UI에서 상위 메뉴 순서·같은 깊이와 route 확인. 기본/펼침/접힘 전체 조합의 기존 메뉴 회귀는 남음.","최신 실제 컴포넌트 / API mock"
"ES2-002","메뉴","P0","기존 메뉴 회귀","프로젝트 접수·워크·드라이브·법원·납품 메뉴 진입","기존 기능과 하위 메뉴 유지","E2E 결과","NOT_RUN","2026-09-08","U01; Router.tsx","기존 프로젝트 접수·워크·드라이브·법원·납품 각 실제 메뉴 진입과 하위 기능 회귀 E2E 미실행.","기존 메뉴 회귀"
"ES2-003","메뉴","P0","설정 하단 고정","메뉴 펼침, 낮은 높이, 확대 125%/150%","설정과 메뉴 겹침 없음; 각각 접근 가능","반응형 캡처","PARTIAL","2026-09-08","U08; UI results.json footer bounds; theme-system.css","최신 대형 모달·낮은 높이·모바일·배너 상태 확인. 실제 브라우저 확대 125%/150% 미실행이며 낮은 viewport는 대체 증거가 아님.","최신 UI mock / 실제 확대 제외"
"ES2-004","독립문서","P0","사건 없이 새 산출서","프로젝트/claim 없는 사용자 문서 생성","독립 산출서 생성; 가짜 프로젝트/TYPE-07 생성 없음","DB/서비스 검증","PASS","2026-09-08","S01-S03; S16","독립 ES 문서 생성과 caseId null 및 서버 소유권 확인. 기존 DB 행 보존. 실제 업무 서버 배포·생성 검증을 의미하지 않음.","로컬 SQLite 및 실제 Node HTTP"
"ES2-005","독립문서","P0","권한 있는 프로젝트 연결","독립 문서를 기존 프로젝트에 연결","접근 검증 후 동일 문서 연결; 금액/이력 보존","통합 테스트","PARTIAL","2026-09-08","S04; S16; es-service.ts canLink","허가·거부 링크와 연결 해제 검증. 이미 계산된 독립 문서를 같은 ID로 연결하면서 금액·전체 이력을 보존하는 정확한 시나리오 미실행.","로컬 API / 시나리오 일부"
"ES2-006","독립문서","P0","목록에서 이어하기","저장된 문서 다시 열기","입력·자료판·계산 상태 복원","E2E","PASS","2026-09-08","S07; actual-App UI saved-run reload","현재 revision의 저장 run을 재진입·새로고침 때 복원하고 재계산 요청이 발생하지 않음을 확인. 실제 로그인 서버 재진입은 별도 미실행.","2026-09-08 후속검수 / 실제로그인 서버 제외"
"ES2-007","작업창","P0","새로고침과 뒤로가기","대형 모달 편집/저장 후 브라우저 조작","정상 복원; 목록/작업창 route 일관","E2E","PARTIAL","2026-09-08","actual-App history cancel/accept + reload","뒤로가기 취소/승인 시 URL과 입력 복원 확인. 실제 로그인 서버에서 동일 저장·복원 시나리오는 미실행.","2026-09-08 후속검수 / 실제로그인 서버 제외"
"ES2-008","작업창","P0","저장 충돌","동일 revision을 두 창에서 수정","조용히 덮어쓰기 금지; 충돌 안내","통합 테스트","PASS","2026-09-08","S05; U03; S16","실제 beforeBatch 동시 저장에서 한 revision·audit만 반영하고 다른 저장은 409. 최신 UI에서 충돌 후 입력 유지·재시도 확인.","로컬 CAS 경합 / 최신 UI mock"
"ES2-009","입력","P0","노란색 외 입력 지원","3 시트 비목, 2 시트 공제, 선금 매핑 점검","필요 입력 누락 없음; 근거좌표 추적","field mapping 보고","BLOCKED","2026-09-08","C22; EsInput; EsStudio.tsx; P03; input_origins.json; prior_input_mapping.json","28개 비목 핵심과 일부 공제·선금 및 C7/C8/C9 공사정보 연계는 반영. 기존 분석 68개 입력 전체·후속 차수·계약 세부 조건 매핑과 좌표별 완전성 미완료.","원본 읽기 전용 매핑 / 구현 누락"
"ES2-010","입력","P0","공란/0/해당없음","금액·요율·지수에 각 상태 입력","의미 구분; 누락을 정상값으로 대체하지 않음","단위 테스트","PARTIAL","2026-09-08","C04; C10-C12; P12; es-xlsx.ts literal","엔진 필수 공란/숫자 0과 작업용 재저장 시 제거된 빈 셀은 구별. 해당없음 상태가 없고 원본의 일부 공란을 0으로 변환하며 비활성 0비목 자료도 모두 요구함.","합성 단위 + 브라우저 파서 / 의미 일부"
"ES2-011","계산","P0","원본 샘플 재현","원본 입력 및 원본호환 규칙 사용","이전 보고 기준과 독립 비교; 차이 표기","셀/노드별 비교 보고","PASS","2026-09-08","R234; R9; C09; U02","원본 호환 규칙의 234개 값과 입력 변경 9개 값 독립 비교 일치. 원본 자체의 오류 교정·모든 보조 수식 실행·법적 승인 계산을 의미하지 않음.","원본 로컬 독립 계산 / TS 실제 엔진"
"ES2-012","계산","P0","입력 변경 연쇄","노무비, 비목금액, 선금 각각 변경","관련 지수/K/공제/금액과 출력 동시 갱신","단위/통합 테스트","PARTIAL","2026-09-08","C13; C17-C21; R9; O03; O05; P09; es-working-formulas.ts","노임·금액·선금 계산과 CHAIN_1 수식 연쇄, 작업용 계약금액 변경 후 웹 재계산 검증. 세 입력 변경을 저장 run·전체 출력·Excel 실제 계산까지 연결하는 동일 E2E는 미실행.","계산/수식 그래프/브라우저 파서"
"ES2-013","계산","P0","반올림·절사·부호","경계 소수/양수/음수/큰 금액/0분모","규칙과 Excel 동작 비교; 무한값 차단","정밀도 fixture","PARTIAL","2026-09-08","C01-C03; C12; C21; R234","정확 십진·양음수 반올림/절사·큰 값·0분모 검증. 경계 fixture를 실제 Excel에서 재계산해 대조하는 검수는 미실행.","합성 정밀도 / Excel 실제 실행 제외"
"ES2-014","계산","P0","직전일과 조정일 분리","기간별로 다른 노임·지수·요율 사용","동일 엔진·다른 문맥; 오참조 없음","계산 trace","PARTIAL","2026-09-08","C08; C14-C15; R234; calculateEs warnings","기간별 노임·재료 문맥은 분리. 원본 호환 모드는 직전일 Z·일부 안전 표준단가·요양 건강요율의 현재일 오참조를 의도적으로 재현함. 오참조 없음은 아직 충족하지 않음.","LEGACY_REPLAY 한정"
"ES2-015","계산","P0","원본 쟁점 처리","기존 분석의 오류/분기 사례 재현","무단 교정 없음; 재현/교정 규칙·차이 설명","쟁점별 비교","PARTIAL","2026-09-08","C16; C23-C24; R9; INDEPENDENT_REVIEW.md","사급 잔차·직전일 참조·달력 쟁점과 비승인 경고 확인. 승인된 교정 규칙 선택·교정/재현 결과 차이표는 런타임 미구현.","쟁점 독립 분석 / 교정 미승인"
"ES2-016","계산","P0","계수합·신규비목·선금","사급자재 양수/신규비목 다수/선금 다회","지원 분기 정확; 미지원은 명시·공식 출력 차단","검증된 기대값","BLOCKED","2026-09-08","C16; C19-C20; C23; calculateEs warnings; es-xlsx.ts","사급 잔차와 단일 선금 계산은 검증. 다중 신규비목·후속 차수·복수 선금 배분은 모델/계산 미지원. 일부 원본 분기는 가져오기 거부하며 공식 제출 지원으로 볼 수 없음.","핵심 분기 미지원"
"ES2-017","계산","P0","달력·자료 범위","윤년/월말/2026 이후/자료 누락","날짜 올바름; 선택값 근거·누락 표시","테스트 로그","PARTIAL","2026-09-08","C07-C08; C11-C12; es-xlsx.ts date/source selection","윤년·월말·기간 불일치·누락 오류 검증. 2026 이후 실제 자료판 및 날짜별 원자료 선택 근거의 통합 fixture는 부족함.","달력 단위 / 자료판 범위 일부"
"ES2-018","출력목록","P0","17개 전체 선택","출력 설정 전체 선택","원본 순서 표지~4.만 포함; 빈/해당없음 임의 제외 안 함","manifest 대조","PASS","2026-09-08","O01; O04; S12; U04","17개 stable ID와 원본 이름·순서 및 값이 0이어도 선택 시 유지 확인. 내용·서식 원본 재현 승인은 별도 ES2-025/030.","manifest 및 실제 OOXML"
"ES2-019","출력목록","P0","4와 4. 구별","각각 따로 선택","다른 시점의 시트 내용과 stable ID","출력 파일/미리보기","PASS","2026-09-08","R234; O01; O04; S12; es-output.ts context","4와 4.가 별도 ID·시점·파일 이름으로 유지됨. 각 시점의 원본 오류 호환 여부는 ES2-014에서 별도 미완료로 관리.","출력 ID/문맥 및 실제 OOXML"
"ES2-020","출력목록","P0","임의 3개 선택","표지 + 3 + 4. 선택","정확히 선택한 세 시트만 원본 순서로 구성","출력 내용 검사","PASS","2026-09-08","O04; synthetic-selected-cover-3-4dot.xlsx","수용 기준과 정확히 같은 표지+3+4. 실제 XLSX 생성 후 이름·개수·원본 순서 및 수식/외부 링크 부재를 검사함. 원본 서식 충실도는 별도 미완료.","정확한 3시트 실제 OOXML"
"ES2-021","출력목록","P0","단일 시트 출력","2.2(선금) 또는 4.만 선택","표지·구분지 강제 삽입 없음","출력 내용 검사","PASS","2026-09-08","O04; synthetic-single-advance.xlsx; synthetic-single-4dot.xlsx","2.2(선금)과 4. 단독 실제 XLSX 생성·검사. 표지·구분지 강제 삽입 없음.","단독 출력 실제 OOXML"
"ES2-022","출력목록","P0","전체 해제","선택 0개","인쇄/제출용 내보내기 비활성 및 안내","E2E","PASS","2026-09-08","actual-App zero-selection guard","전체 해제 시 전체/선택 Excel 및 인쇄 비활성·선택 유지 검사 통과.","2026-09-08 후속검수 / 실제로그인 서버 제외"
"ES2-023","출력목록","P0","내부 시트 유출 방지","전체/선택/URL 위조 요청","기본입력·내부 자료 제출 출력 불가","서버 테스트 + 파일 검사","PASS","2026-09-08","S10; S12; S16; O04","서버에서 내부·위조 sheet ID와 타문서 run 차단. 실제 출력 OOXML에는 선택된 허용 시트만 포함하며 내부 보조시트 없음.","실제 로컬 API + OOXML"
"ES2-024","출력목록","P0","선택해도 계산 불변","동일 run에서 출력시트 조합 변경","K/금액 불변; 출력만 변경","통합 테스트","PASS","2026-09-08","O03; S07; S12","고정 계산 결과에서 선택 조합 변경 시 결과 객체 불변 및 run 입력 snapshot 보존 확인.","로컬 계산/저장 통합"
"ES2-025","페이지","P0","다페이지 상세표","4 및 4. 전체 미리보기/출력","M443 인쇄영역 기준 모든 대상 내용; 1장 축소/가상행 누락 없음","전체 페이지 검수","PARTIAL","2026-09-08","template grid / actual DOM41 pages / 443-row assertions","원본 4/4. 각443행·병합·숨김행 유지, 모든 행 누락/중복0 확인. 미입력 supporting snapshot/검토 의견은 —이며 원본 native Excel 인쇄와 전면 일치 검수는 남음.","2026-09-08 후속검수 / 실제로그인 서버 제외"
"ES2-026","페이지","P0","지정 페이지 문법","1,3,5-8 및 범위 밖/0/역순/중복 입력","올바른 범위만 적용; 오류/중복 정책 명확","단위/E2E","PARTIAL","2026-09-08","O02; S13; U04-U05; es-service.ts pageCount","페이지 문법·중복 정책·현재 렌더 범위 검증은 통과. 서버는 클라이언트가 선언한 pageCount만 신뢰하며 실제 생성 페이지 수로 범위를 재산정하지 않음.","클라이언트 렌더 + 선언 범위 API"
"ES2-027","페이지","P0","선택 변경 후 페이지 범위","범위 설정 뒤 시트 변경","미리보기 새로 생성·범위 재검증","E2E","PASS","2026-09-08","U04; EsPrintPreview.tsx selection key","최신 portal UI에서 시트 선택 해제/재선택 시 실제 페이지 재생성, 페이지 지정값과 확인 상태 초기화 확인.","최신 실제 컴포넌트 / API mock"
"ES2-028","페이지","P0","인쇄 페이지와 엑셀 범위 구분","페이지 일부 선택 후 XLSX 내보내기","시트 전체 인쇄영역 내보냄; 범위 차이 명시","UI+XLSX 검사","PARTIAL","2026-09-08","S12; O04; EsStudio.tsx output copy","XLSX가 인쇄 pageRange를 적용하지 않는 서버 동작과 안내 확인. 원본 전체 인쇄영역 내용 충실도 및 일부 페이지 선택 뒤 실제 XLSX UI 연속 검수 미완료.","API/OOXML 일부"
"ES2-029","페이지","P0","목록/붙임 처리","부분 시트 + 목록 포함/제외","선택된 목록 반영; 붙임명 임의 변경/강제 표지 없음","문서 검수","PASS","2026-09-08","O03; orderedEsSheets; buildEsSheets contents","선택 항목만 목록에 반영하고 원본 붙임 ID/이름을 보존. 표지·목록을 자동 삽입하지 않는 선택 모델 확인.","출력 모델 단위"
"ES2-030","레이아웃","P0","원본 서식 대조","Excel 원본 인쇄 기준과 웹 출력 비교","제목·금액·표·병합·여백·영역 유지; 잘림 없음","비교 캡처/검수자","PARTIAL","2026-09-08","es-template-layout; 420styles; browser screenshots; OOXML assertions","원본 셀·병합·행열·색·여백을 연결하고 줄바꿈 오류 수정. 목록 장식 도형과 native Excel 인쇄본의 전면 대조는 미완료.","2026-09-08 후속검수 / 실제로그인 서버 제외"
"ES2-031","레이아웃","P0","인쇄 UI 제거","배너/사이드바/버튼 있는 상태에서 인쇄","종이에 앱 UI/스크롤바 없음","print DOM 또는 렌더 검사","PASS","2026-09-08","U05; EsPrintPreview.tsx iframe srcdoc","실제 미리보기 DOM으로 생성한 headless PDF에 앱 UI가 포함되지 않으며 인쇄 전용 iframe도 별도 문서 사용. 네이티브 대화상자 검수와는 별개.","print DOM / headless PDF"
"ES2-032","레이아웃","P0","페이지 경계와 한글","긴 공사명/표 제목/합계/한글폰트","겹침·누락·불필요 빈 페이지 없음","출력 파일 검사","PARTIAL","2026-09-08","actual grid 41page + selected6page","최신 원본 grid 전체41쪽/지정6쪽, 443행 보존·기하 overflow0 확인. 극단적 긴 문구/원본 native Excel 대조는 미완료.","2026-09-08 후속검수 / 실제로그인 서버 제외"
"ES2-033","프린터","P0","웹 인쇄 대화상자","선택 출력 후 프린터 인쇄 클릭","Excel 다운로드/실행 없이 인쇄창 호출","지원 브라우저 수동 확인","NOT_RUN","2026-09-08","UI QA_NOTES.md NOT_RUN; EsPrintPreview.tsx print()","네이티브 브라우저/시스템 인쇄 대화상자를 직접 열어 검수하지 않음. headless PDF 생성은 대체 증거가 아님.","수동 브라우저 검수 필요"
"ES2-034","프린터","P0","물리 프린터","사용자 연결 프린터로 전체/부분 각 인쇄","실제 종이 내용·선택·매수 검수","수동 실프린터 결과; 접근 없으면 NOT_RUN","NOT_RUN","2026-09-08","UI QA_NOTES.md NOT_RUN","실제 연결 프린터의 전체/부분 종이 출력·매수·용지 설정을 확인하지 않음.","물리 프린터 접근/검수 필요"
"ES2-035","프린터","P0","인쇄 취소 상태","인쇄창에서 취소/닫기","인쇄 완료/납품 완료 자동 처리 없음","이벤트/감사로그","PARTIAL","2026-09-08","S14; S16; U07; EsPrintPreview.tsx afterprint","종료 상태와 printerSuccessVerified=false 서버 보존 확인. 실제 네이티브 인쇄창 취소/닫기 이벤트는 미실행.","상태 전이 API / 실제 취소 제외"
"ES2-036","프린터","P0","팝업 차단·렌더 실패","차단/폰트 미로딩/시간초과 유도","빈 인쇄/가짜 성공 금지; 재시도 제공","E2E/수동","PARTIAL","2026-09-08","actual-App iframe15s / POST30s / late cancellation","iframe15초·출력POST30초 timeout과 취소 후 늦은 응답에서 인쇄 안됨, 재시도·입력보존 확인. 실제 시스템 팝업 차단 및 모든글꼴 미로딩 시나리오는 미실행.","2026-09-08 후속검수 / 실제로그인 서버 제외"
"ES2-037","가져오기","P0","원본 xlsx","물가변동 추정산출서.xlsx 업로드","원본 입력/자료 매핑 미리보기 후 새 초안 생성","필드 대조 + 로그","PARTIAL","2026-09-08","U02; R234; P01-P07; es-xlsx.ts original import","원본 로컬 적용·취소, C7/C8/C9 문자 입력, 캐시 독립 원자료/계산 일치 확인. 68개 전체 매핑·상세 비교표 및 실제 API 새 초안 생성까지 원본 저장 검수는 하지 않음.","실제 브라우저 파싱 / 업로드·저장 없음"
"ES2-038","가져오기","P0","시트 순서·날짜 체계","순서 변경, 날짜 셀 형식/1904 workbook","이름/양식 기반 매핑·정확한 날짜","fixture 검증","PARTIAL","2026-09-08","P06-P07; es-xlsx.ts sheet map/date1904","실제 원본 시트 순서 역순과 1904=1 변환 fixture에서 발표일·O/T 기간쌍 날짜·입력·계산 결과 보존 확인. 날짜 셀 형식/날짜 속성 표현의 추가 변형은 미검수.","실제 DOMParser / 변형 fixture 일부"
"ES2-039","가져오기","P0","값 비교와 확인","기존 문서에 다른 입력 가져오기","변경 전후 표시; 확인 없이 덮어쓰기 없음","E2E","PARTIAL","2026-09-08","U02; EsStudio.tsx importPreview","적용 전 취소/확인 있고 무확인 저장 없음. 비교는 제목·계약금액·기간·변경 비목 수 요약으로 전체 입력/자료 변경 전후 값을 모두 표시하지 않음.","UI mock / 필드 차이표 일부"
"ES2-040","가져오기","P0","저장 캐시 불일치","오래된/없는 수식 캐시","캐시 경고 및 앱 엔진 재계산; 가짜 정상값 없음","fixture 결과","PARTIAL","2026-09-08","P04-P05; P10-P11; es-xlsx.ts import warnings","원본·작업용의 모든 수식 캐시 제거/오염 후 입력·계산 결과 불변을 실제 검증. 캐시 미사용 안내는 있지만 오래됨/없음의 구체적 상태 감지·대상별 경고는 없음.","실제 DOMParser 재계산 / 진단 일부"
"ES2-041","가져오기","P0","수식 변경 파일","원본 계산 수식 임의 수정","차이 감지/안내; 앱 규칙 무단 실행 금지","보안/매핑 테스트","PASS","2026-09-08","P01-P02; P14-P15; es-original-formulas.ts; es-xlsx.ts","27시트 수식 SHA 지문 일치 및 임의 수식 변경 시 경고·미실행·계산 결과 불변 확인. 작업용 지원 수식 변경/추가도 거부. Excel 재저장의 표현 차이도 경고될 수 있음을 안내함.","수식 지문 + 실제 변조 fixture"
"ES2-042","가져오기","P0","지원 외/암호 파일","xls/xlsm/암호/잘못된 zip 파일","형식/제한 안내; 성공 표시·데이터 손상 없음","음성 사례 로그","PARTIAL","2026-09-08","P19-P23; P28-P30; EsStudio.tsx file accept","잘못된/잘린 ZIP·경로·XML·VBA·매크로 컨테이너·중복 시트 실제 거부 검증. 암호화된 실제 Excel 및 BIFF .xls/파일 선택창 확장자 UX의 정확한 음성 사례는 미실행.","실제 브라우저 파서 음성 사례 일부"
"ES2-043","가져오기","P0","외부 링크·수식 공격","DDE·외부 파일·일반문자 수식 입력","외부 실행 없음; 텍스트 안전 처리","보안 테스트","PASS","2026-09-08","O06; P21; P23-P27; parser-qa.json forbiddenRequestCount","DDE·WEBSERVICE·pipe 수식·외부 worksheet·XML entity 거부, 일반 수식형 문자열 escape 출력 확인. 격리 브라우저 외부 요청 0.","실제 악성 입력 파서 + OOXML 텍스트 검사"
"ES2-044","가져오기","P0","metadata 권한 변조","다른 company/doc/approval ID 삽입","서버 권한 검증; 새 초안; 타문서 덮어쓰기 불가","서버 테스트","PASS","2026-09-08","P16-P17; C05; S03-S04; S10; S16","hash를 다시 계산한 위조 XLSX 회사/소유자/문서/승인/result metadata도 제거. 별도 실제 로컬 서버 시험에서 타문서·타회사·프로젝트/run ACL 및 DB 불변 검증.","실제 브라우저 파서 + 로컬 서버 인가"
"ES2-045","가져오기","P0","원자적 실패","가져오기 중 오류/네트워크 종료","기존 문서 유지; 반쪽 적용 없음","통합 테스트","PARTIAL","2026-09-08","S06; U02-U03; P13-P30; EsStudio.tsx import/apply/save","파서 오류 시 결과 미반환, 가져오기 취소, DB 실패 원자성·409 입력 보존 확인. 네트워크 종료를 동일 UI 가져오기→저장 흐름에 주입한 통합 검수는 미실행.","실제 파서/로컬 DB + 분리된 UI mock"
"ES2-046","엑셀출력","P0","제출용 전체","전체 17개 제출용 XLSX 생성","17시트·값고정·인쇄영역만·내부 데이터 없음","실제 XLSX 재열기/OOXML 검사","PARTIAL","2026-09-08","17 allowed worksheets; all443rows; original merges and styles","정확한17시트·값고정·인쇄영역 셀/원본서식 구현. 미확인 supporting snapshot은 —, native Excel 재열기·원본시각전면대조 미실행.","2026-09-08 후속검수 / 실제로그인 서버 제외"
"ES2-047","엑셀출력","P0","제출용 선택","표지 + 3 + 4. 제출용 XLSX 생성","정확히 3시트; 외부/누락시트 수식 없음","실제 XLSX 재열기","PASS","2026-09-08","O04; synthetic-selected-cover-3-4dot.xlsx","정확히 표지+3+4. 3개 시트의 실제 산출물을 다시 ZIP/OOXML로 검사하고 외부/누락시트 수식 없음 확인. 네이티브 Excel 재열기·렌더링은 별도 미실행.","정확한 조합 실제 파일 재검사 / OOXML"
"ES2-048","엑셀출력","P0","작업용 전체","작업용 XLSX 생성","필요 입력·자료·지원 수식·버전 포함; 외부연결 없음","수식·보조데이터·메타 검사","PARTIAL","2026-09-08","working20 sheets / CHAIN_1 / import30","작업용20시트(입력/계산/metadata+17출력) 생성. ES_계산 연결수식과 웹왕복검수. 17출력은 export시점값으로 Excel 편집 후 웹재계산 필요; 전체결과수식연쇄/native재계산 미완료.","2026-09-08 후속검수 / 실제로그인 서버 제외"
"ES2-049","엑셀출력","P0","작업용 Excel 재계산","Excel에서 입력 수정","지원 수식 연쇄 재계산; 앱과 같은 규칙 결과","Excel 실행 증빙; 없으면 NOT_RUN","NOT_RUN","2026-09-08","NATIVE_EXCEL_NOT_RUN; UI agent final report 2026-09-08","기존 Excel 2013 창 존재만 확인. 읽기 전용 창 조회가 응답하지 않아 중단했으며 합성 파일 열기·입력 변경·재계산·저장 호출은 전혀 없고 C35/D35/B67 확인값도 없음.","Excel 실제 계산 증거 없음 / 사용자 문서 무변경"
"ES2-050","엑셀출력","P0","작업용 왕복","웹→작업용 XLSX→새 문서 가져오기","입력·자료·정밀도·결과 일치; 승인 자동 복원 없음","필드/계산 diff","PARTIAL","2026-09-08","U06; O05; P08-P12; P17","CHAIN_1 웹→XLSX→웹 입력/자료/계산 결과 일치, 계약금액 수정 재가져오기, 빈 셀·캐시 독립성·승인 위조 제외 확인. 실제 Excel 편집/재저장과 15자리 이상 정밀도 경계 왕복은 미실행.","지원 모델 내 실제 브라우저 왕복"
"ES2-051","엑셀출력","P0","빈 양식","빈 입력 XLSX 내려받기→작성→가져오기","지원 버전·필수 필드·검증 정상","E2E","PARTIAL","2026-09-08","O05; P12; blank-working-template.xlsx","빈 양식 생성 및 재저장으로 생략된 빈 셀 재가져오기 검증. 사용자 직접 작성→가져오기→필수값 검증의 전체 UI E2E는 미실행.","실제 파일/브라우저 파서 일부"
"ES2-052","엑셀출력","P0","제출용 복원 오인 방지","제출용 XLSX 가져오기","결과자료/제한 안내; 작업 전체 복원이라고 주장 안 함","E2E","PARTIAL","2026-09-08","P18; es-xlsx.ts template recognition","실제 표지+3+4. 제출용 파일을 importer에 입력하면 편집 원본으로 거부함을 확인. 제한 안내 코드가 있으나 파일 선택→화면 오류 표시·기존 입력 불변까지의 UI E2E는 미실행.","실제 제출용 파일 재가져오기 음성 검수"
"ES2-053","엑셀출력","P0","주석·메모·민감정보","표 인쇄영역 밖 메모/숨김 개인정보/키 존재 fixture","제출용/작업용에서 불필요 정보 유출 없음","OOXML content scan","PARTIAL","2026-09-08","O04-O06; P17; es-xlsx.ts rebuilt workbook whitelist","합성 출력의 키/소유자/외부 링크 부재와 위조 metadata 제외 확인. 인쇄영역 밖 주석·숨김 개인정보·메모를 심은 원본→작업용 전체 fixture의 content scan은 미실행.","합성 출력 content scan / 위조 metadata"
"ES2-054","일관성","P0","실행중 편집","출력 생성 중 입력 수정","고정 run 숫자만 사용; 상태 혼합 없음","경합 테스트","PARTIAL","2026-09-08","immutable runs; actual-App late response cancellation","저장 run불변·인쇄 취소뒤늦은응답시 출력미실행 검수. 출력생성중 여러편집/다중출력경합전체 E2E는 남음.","2026-09-08 후속검수 / 실제로그인 서버 제외"
"ES2-055","일관성","P0","API 정정 후 재출력","기존 문서 승인 후 새 자료판 등록","이전 snapshot 보존; 새 산정안으로만 변경","통합 테스트","BLOCKED","2026-09-08","S07-S09; EsInput/EsResult; es-service.ts","기존 revision/run 불변은 검증. 승인 상태·외부 자료판 API 정정·승인본 재출력의 전체 워크플로는 미구현.","API/승인 자료판 전제 미구현"
"ES2-056","상태","P0","초안 검토 출력","미승인 정상 계산/원본호환 결과 출력","검토용 표시·출력 허용; 공식승인으로 위장 안 함","출력 파일 검수","PASS","2026-09-08","O03-O04; S11-S12; U05-U07","원본 호환 결과를 LEGACY_REPLAY/초안으로 명시하며 실제 파일에도 비승인 문구 포함. 공식승인·PRINTED 상태로 위장하지 않음.","실제 OOXML / headless PDF / 로컬 API"
"ES2-057","상태","P0","치명 오류 출력","활성경로 자료누락/계산 오류","정상 금액 보고서 금지; 오류/입력백업 경로 구별","통합 테스트","PASS","2026-09-08","C04; C11-C12; S11; S16; O03; O05","필수 계산 오류 시 숫자 보고서 요청 차단. 표지·붙임·목록 초안과 입력 백업은 별도 허용하는 경계를 테스트.","계산/실제 로컬 API/출력"
"ES2-058","보안","P0","회사·프로젝트 격리","다른 회사 ID로 조회/내보내기 요청","서버에서 차단","인가 음성 테스트","PASS","2026-09-08","S03-S04; S08-S10; S15-S16","타회사·타사용자·허가되지 않은 프로젝트와 다른 문서 run의 조회/쓰기/내보내기를 서버에서 거부하고 DB 불변 확인.","로컬 Worker 경계 및 실제 Node HTTP"
"ES2-059","범위","P0","HWP 비의존","ES 버튼·빌드·네트워크 의존 검사","ES HWP 기능/필수 변환없음; 기존 타모듈 HWP 보존","UI/의존성 검사","PARTIAL","2026-09-08","ES format whitelist; Router.tsx additive routes; U07; CF122 13/13","ES는 XLSX/PRINT만 사용하며 HWP 실행 의존 없음. 기존 보고서 삭제 회귀 13개는 통과했으나 타모듈 HWP 전체 기능 회귀를 대체하지 않음.","ES 검증 + 기존 삭제 회귀 / HWP 미실행"
"ES2-060","범위","P0","API 미연결 수동 작업","외부 키 없는 상태에서 필수 자료 수동 입력","저장·계산·인쇄·XLSX 가능; 연동 상태 사실대로 표시","E2E","PARTIAL","2026-09-08","S03; S07; S16; C09; O04-O05; U03-U07","외부 키 없는 합성 수동 입력 저장·계산·XLSX와 headless 출력 가능. 실제 로그인 서버 연결 UI 및 네이티브 인쇄를 포함하는 전 과정 E2E는 미실행.","로컬 API + 분리된 mock UI"
